RV,RV+Warming,RV+Disaster,RV+Summit,RV+Policy,RV+Change,RV+Risk,RV+Warm+Change,RV+Warm+Change+Disaster,RV+Warm+Disaster,RV+Change+Disaster
5.33E-05,4.59E-05,4.67E-05,5.13E-05,6.39E-05,5.65E-05,5.55E-05,5.42E-05,4.47E-05,3.96E-05,4.48E-05
1.51E-05,1.11E-05,1.18E-05,1.37E-05,2.04E-05,1.64E-05,1.58E-05,1.46E-05,1.15E-05,8.81E-06,1.05E-05
1.38E-05,1.20E-05,9.69E-06,1.31E-05,1.42E-05,1.50E-05,1.40E-05,1.42E-05,1.05E-05,7.31E-06,8.30E-06
1.62E-05,1.45E-05,1.18E-05,1.56E-05,1.67E-05,1.74E-05,1.65E-05,1.68E-05,1.33E-05,1.02E-05,1.10E-05
1.90E-05,1.69E-05,1.44E-05,1.81E-05,1.94E-05,2.01E-05,1.93E-05,1.94E-05,1.62E-05,1.29E-05,1.34E-05
2.06E-05,1.86E-05,1.64E-05,1.99E-05,2.11E-05,2.17E-05,2.11E-05,2.11E-05,1.84E-05,1.56E-05,1.52E-05
7.40E-05,7.01E-05,6.66E-05,7.24E-05,7.44E-05,7.55E-05,7.44E-05,7.46E-05,7.03E-05,6.52E-05,6.47E-05
7.44E-05,7.01E-05,6.19E-05,7.19E-05,7.61E-05,7.61E-05,7.54E-05,7.52E-05,6.53E-05,6.17E-05,6.26E-05
7.69E-05,7.32E-05,6.55E-05,7.45E-05,7.84E-05,7.85E-05,7.75E-05,7.74E-05,6.84E-05,6.50E-05,6.61E-05
7.49E-05,7.46E-05,6.44E-05,7.31E-05,7.64E-05,7.62E-05,7.53E-05,7.53E-05,6.68E-05,6.39E-05,6.50E-05
7.87E-05,7.83E-05,6.97E-05,7.68E-05,8.01E-05,7.99E-05,7.90E-05,7.92E-05,7.16E-05,6.93E-05,6.95E-05
0.000323468,0.000322605,0.000304754,0.000320043,0.00032617,0.000325393,0.000322941,0.000324085,0.000307817,0.000303794,0.000305201
0.000300174,0.000303253,0.000280749,0.000300115,0.000302877,0.000307137,0.000301454,0.000307036,0.000290993,0.000282514,0.000286993
0.00028934,0.000292179,0.0002722,0.000290213,0.00029191,0.000296574,0.000290799,0.000296853,0.000282533,0.000273588,0.000279644
0.0002981,0.000300322,0.000282034,0.000298589,0.000300486,0.000305036,0.000299311,0.000304874,0.000291255,0.00028335,0.000288744
0.000303942,0.000305847,0.000289274,0.000304182,0.000306156,0.000309615,0.00030493,0.000310229,0.000297538,0.00028983,0.000295324
0.000290876,0.000292655,0.000278023,0.000291367,0.000292787,0.000296112,0.000291905,0.000296582,0.000285179,0.000278342,0.000283917
0.000250729,0.000258615,0.000232131,0.000258115,0.000255671,0.000267799,0.000257599,0.000271758,0.000259346,0.000239957,0.000251
0.000265027,0.000273162,0.000246362,0.000271753,0.000268595,0.000280996,0.000270899,0.0002848,0.000273389,0.000254305,0.00026449
0.0002759,0.000282751,0.000258132,0.000281634,0.00027896,0.000290488,0.000281048,0.000293943,0.000281687,0.000264769,0.000275129
0.000283613,0.000289613,0.000266067,0.000288819,0.000286526,0.000296967,0.000288245,0.000299966,0.000287929,0.000273454,0.000282715
0.000130943,0.000135311,0.000119147,0.000135182,0.000132605,0.000140808,0.000134656,0.000143738,0.000135131,0.000123957,0.000131753
0.000114816,0.000121767,0.000103967,0.000121029,0.000116879,0.000128219,0.000120156,0.000129346,0.000122443,0.000108958,0.000119433
0.000125022,0.000132545,0.000113738,0.00013108,0.000126436,0.000137881,0.000129888,0.000140196,0.000132164,0.000120372,0.000129558
0.000133592,0.000140455,0.000122548,0.000138975,0.000134683,0.00014579,0.000138092,0.000148012,0.000140185,0.000129157,0.000137327
0.000141149,0.000147222,0.000130467,0.000146133,0.00014223,0.000152366,0.000145307,0.000154753,0.00014736,0.000137297,0.000144394
4.95E-08,1.86E-07,4.55E-08,1.65E-07,7.02E-08,4.07E-07,1.38E-07,5.20E-07,1.88E-07,3.31E-09,1.12E-07
9.20E-07,1.00E-06,1.44E-06,1.22E-06,8.01E-07,1.54E-06,1.14E-06,1.52E-06,2.30E-06,1.71E-06,2.27E-06
1.28E-06,1.42E-06,1.81E-06,1.60E-06,1.18E-06,1.96E-06,1.53E-06,1.92E-06,2.68E-06,2.09E-06,2.68E-06
1.61E-06,1.83E-06,2.17E-06,2.03E-06,1.54E-06,2.35E-06,1.96E-06,2.31E-06,3.03E-06,2.45E-06,3.05E-06
1.95E-06,2.15E-06,2.51E-06,2.39E-06,1.89E-06,2.77E-06,2.36E-06,2.62E-06,3.33E-06,2.80E-06,3.41E-06
0.000498686,0.000499979,0.000508731,0.000504599,0.000497136,0.000509268,0.000503566,0.000506969,0.00051747,0.000510409,0.000518473
0.000431375,0.00043702,0.000415619,0.000436612,0.000429266,0.000439132,0.000434651,0.000441151,0.000430065,0.000425262,0.00042487
0.000442754,0.000448487,0.000426944,0.000448419,0.000440161,0.000451899,0.000445015,0.000453714,0.000440784,0.000436077,0.000437327
0.000451389,0.00045685,0.000436041,0.000455941,0.000448408,0.000458815,0.000452936,0.000461435,0.000449719,0.000445254,0.000445051
0.000461609,0.000466967,0.000446543,0.000465627,0.000458846,0.000468838,0.000463332,0.00047235,0.000461035,0.000456415,0.00045533
0.000104191,0.000106231,9.74E-05,0.00010568,0.000102795,0.000107229,0.000104676,0.000108714,0.000103882,0.000101546,0.000101264
0.000104439,0.000109834,9.96E-05,0.000106003,0.000104477,0.000108522,0.000105564,0.000111693,0.000108031,0.000106313,0.000104013
0.000108248,0.000113228,0.000103817,0.000109766,0.000108355,0.000112194,0.000109247,0.000115219,0.000111214,0.000110162,0.000107962
0.000101013,0.000106584,9.77E-05,0.000102752,0.000101601,0.000105296,0.000102258,0.000108194,0.000105336,0.000104204,0.000101895
0.000104689,0.000110698,0.000101509,0.000106692,0.000105532,0.000109216,0.000106032,0.000112345,0.000109264,0.000108196,0.00010557
0.000106194,0.000111787,0.000103399,0.000108119,0.000107063,0.000110644,0.000107467,0.0001131,0.00011062,0.000109489,0.000107233
6.27E-05,6.66E-05,6.07E-05,6.41E-05,6.34E-05,6.60E-05,6.36E-05,6.77E-05,6.58E-05,6.50E-05,6.35E-05
5.63E-05,6.03E-05,5.63E-05,5.78E-05,5.74E-05,5.86E-05,5.77E-05,6.05E-05,6.06E-05,6.11E-05,5.82E-05
5.95E-05,6.37E-05,5.93E-05,6.09E-05,6.04E-05,6.19E-05,6.08E-05,6.40E-05,6.38E-05,6.42E-05,6.09E-05
6.11E-05,6.50E-05,6.09E-05,6.25E-05,6.19E-05,6.33E-05,6.23E-05,6.53E-05,6.51E-05,6.54E-05,6.22E-05
6.34E-05,6.71E-05,6.32E-05,6.48E-05,6.42E-05,6.56E-05,6.45E-05,6.75E-05,6.72E-05,6.75E-05,6.46E-05
6.05E-07,9.53E-07,5.72E-07,7.23E-07,6.65E-07,8.02E-07,6.91E-07,1.00E-06,9.87E-07,1.01E-06,6.99E-07
1.08E-06,1.51E-06,7.58E-07,1.26E-06,1.02E-06,1.22E-06,1.17E-06,1.48E-06,1.17E-06,1.28E-06,8.17E-07
1.31E-06,1.75E-06,9.75E-07,1.50E-06,1.25E-06,1.45E-06,1.41E-06,1.74E-06,1.41E-06,1.51E-06,1.04E-06
1.53E-06,1.95E-06,1.18E-06,1.73E-06,1.46E-06,1.70E-06,1.62E-06,1.95E-06,1.62E-06,1.71E-06,1.25E-06
1.47E-06,1.85E-06,1.13E-06,1.68E-06,1.40E-06,1.63E-06,1.55E-06,1.84E-06,1.51E-06,1.63E-06,1.23E-06
2.63E-06,3.11E-06,2.20E-06,2.90E-06,2.55E-06,2.87E-06,2.72E-06,3.13E-06,2.70E-06,2.83E-06,2.33E-06
3.41E-06,3.83E-06,3.05E-06,3.64E-06,3.47E-06,3.39E-06,3.41E-06,3.72E-06,3.24E-06,3.53E-06,2.90E-06
3.57E-06,3.96E-06,3.23E-06,3.80E-06,3.64E-06,3.56E-06,3.56E-06,3.82E-06,3.41E-06,3.68E-06,3.10E-06
3.40E-06,3.78E-06,3.10E-06,3.64E-06,3.46E-06,3.39E-06,3.37E-06,3.61E-06,3.24E-06,3.52E-06,2.96E-06
3.63E-06,4.03E-06,3.34E-06,3.89E-06,3.71E-06,3.64E-06,3.61E-06,3.84E-06,3.50E-06,3.79E-06,3.19E-06
7.76E-08,3.62E-08,1.27E-07,4.53E-08,7.15E-08,7.60E-08,8.58E-08,5.53E-08,1.01E-07,6.33E-08,1.43E-07
1.65E-10,1.04E-09,3.74E-09,1.46E-10,5.28E-11,5.62E-09,1.59E-09,1.07E-09,1.14E-08,4.59E-10,2.43E-08
4.00E-10,2.91E-09,9.76E-10,1.79E-09,3.91E-10,1.38E-09,1.62E-10,1.01E-10,5.44E-09,2.82E-11,1.15E-08
2.28E-09,6.40E-09,3.23E-13,5.04E-09,2.29E-09,9.80E-12,2.25E-10,5.60E-10,9.15E-10,1.16E-09,4.50E-09
5.16E-09,1.10E-08,6.75E-10,8.66E-09,4.69E-09,6.23E-10,1.43E-09,1.54E-09,1.05E-11,3.98E-09,1.57E-09
5.38E-09,9.92E-09,7.14E-10,1.11E-08,4.78E-09,4.59E-10,1.08E-09,2.22E-09,5.61E-11,3.02E-09,1.24E-09
3.38E-06,3.46E-06,3.21E-06,3.48E-06,3.35E-06,3.18E-06,3.26E-06,3.32E-06,3.12E-06,3.30E-06,3.00E-06
3.37E-06,3.31E-06,3.34E-06,3.46E-06,3.26E-06,3.00E-06,3.17E-06,3.05E-06,2.99E-06,3.27E-06,2.97E-06
3.47E-06,3.42E-06,3.45E-06,3.56E-06,3.37E-06,3.11E-06,3.27E-06,3.17E-06,3.10E-06,3.37E-06,3.08E-06
3.51E-06,3.46E-06,3.50E-06,3.55E-06,3.38E-06,3.15E-06,3.50E-06,3.34E-06,3.15E-06,3.38E-06,3.12E-06
3.60E-06,3.57E-06,3.60E-06,3.70E-06,3.50E-06,3.27E-06,3.63E-06,3.42E-06,3.25E-06,3.50E-06,3.24E-06
7.43E-08,8.08E-08,7.39E-08,6.07E-08,8.94E-08,1.31E-07,1.03E-07,1.04E-07,1.36E-07,9.03E-08,1.35E-07
2.69E-08,2.37E-08,2.43E-08,2.60E-08,3.64E-08,7.40E-08,4.17E-08,5.66E-08,5.11E-08,2.16E-08,7.27E-08
2.28E-08,2.02E-08,2.02E-08,2.19E-08,3.11E-08,6.65E-08,3.62E-08,4.90E-08,4.51E-08,1.78E-08,6.58E-08
2.12E-08,1.89E-08,1.88E-08,2.05E-08,2.83E-08,6.23E-08,3.45E-08,4.63E-08,4.00E-08,1.72E-08,6.08E-08
1.79E-08,1.59E-08,1.57E-08,1.69E-08,2.34E-08,5.34E-08,2.96E-08,3.96E-08,3.53E-08,1.41E-08,5.39E-08
1.86E-06,1.88E-06,1.89E-06,1.88E-06,1.82E-06,1.62E-06,1.76E-06,1.70E-06,1.72E-06,1.91E-06,1.61E-06
1.96E-06,1.95E-06,2.17E-06,1.94E-06,1.91E-06,1.63E-06,1.87E-06,1.73E-06,1.99E-06,2.20E-06,1.85E-06
2.01E-06,2.02E-06,2.21E-06,1.99E-06,1.96E-06,1.68E-06,1.92E-06,1.79E-06,2.04E-06,2.25E-06,1.90E-06
2.02E-06,2.03E-06,2.23E-06,2.01E-06,1.98E-06,1.70E-06,1.93E-06,1.82E-06,2.08E-06,2.26E-06,1.92E-06
2.04E-06,2.05E-06,2.24E-06,2.03E-06,2.00E-06,1.72E-06,1.96E-06,1.84E-06,2.09E-06,2.28E-06,1.95E-06
8.96E-07,8.99E-07,1.04E-06,8.90E-07,8.72E-07,6.89E-07,8.42E-07,7.61E-07,9.29E-07,1.06E-06,8.37E-07
1.00E-06,1.00E-06,1.04E-06,9.97E-07,9.69E-07,7.77E-07,9.54E-07,8.51E-07,9.17E-07,1.07E-06,8.18E-07
1.02E-06,1.02E-06,1.06E-06,1.02E-06,9.89E-07,7.96E-07,9.75E-07,8.71E-07,9.37E-07,1.08E-06,8.39E-07
1.01E-06,1.01E-06,1.05E-06,1.01E-06,9.80E-07,8.03E-07,9.70E-07,8.53E-07,9.28E-07,1.06E-06,8.46E-07
1.04E-06,1.04E-06,1.07E-06,1.04E-06,1.01E-06,8.35E-07,9.97E-07,8.93E-07,9.61E-07,1.09E-06,8.75E-07
4.58E-09,4.47E-09,6.40E-09,4.32E-09,2.95E-09,1.56E-09,2.09E-09,4.13E-11,5.71E-10,7.96E-09,3.89E-10
2.41E-08,2.21E-08,5.17E-08,2.43E-08,1.88E-08,4.50E-09,1.92E-08,8.27E-09,3.57E-08,5.37E-08,2.60E-08
2.70E-08,2.48E-08,5.52E-08,2.72E-08,2.10E-08,5.82E-09,2.21E-08,1.00E-08,3.86E-08,5.68E-08,2.87E-08
2.83E-08,2.61E-08,5.68E-08,2.86E-08,2.24E-08,6.45E-09,2.35E-08,1.07E-08,4.00E-08,5.86E-08,2.99E-08
3.17E-08,2.92E-08,6.10E-08,3.20E-08,2.54E-08,8.18E-09,2.63E-08,1.28E-08,4.32E-08,6.23E-08,3.28E-08
8.90E-08,8.47E-08,1.36E-07,8.96E-08,7.82E-08,4.49E-08,7.98E-08,5.47E-08,1.10E-07,1.39E-07,9.28E-08
1.02E-07,1.00E-07,1.09E-07,1.01E-07,9.25E-08,5.61E-08,9.20E-08,6.89E-08,8.47E-08,1.14E-07,6.58E-08
1.05E-07,1.03E-07,1.11E-07,1.04E-07,9.55E-08,5.86E-08,9.51E-08,7.13E-08,8.71E-08,1.18E-07,6.83E-08
1.11E-07,1.09E-07,1.18E-07,1.10E-07,1.01E-07,6.31E-08,1.01E-07,7.60E-08,9.25E-08,1.24E-07,7.27E-08
1.09E-07,1.08E-07,1.15E-07,1.08E-07,9.98E-08,6.19E-08,9.95E-08,7.50E-08,9.00E-08,1.21E-07,7.12E-08
3.70E-08,3.61E-08,4.01E-08,3.62E-08,3.16E-08,1.22E-08,3.12E-08,1.83E-08,2.61E-08,4.37E-08,1.64E-08
4.63E-08,4.46E-08,5.03E-08,4.56E-08,4.02E-08,1.93E-08,4.08E-08,2.57E-08,3.25E-08,5.03E-08,2.40E-08
4.96E-08,4.78E-08,5.39E-08,4.88E-08,4.33E-08,2.14E-08,4.40E-08,2.81E-08,3.61E-08,5.38E-08,2.65E-08
5.31E-08,5.09E-08,5.76E-08,5.20E-08,4.64E-08,2.37E-08,4.83E-08,3.04E-08,3.90E-08,5.75E-08,2.90E-08
5.11E-08,4.90E-08,5.59E-08,5.02E-08,4.47E-08,2.25E-08,4.68E-08,2.89E-08,3.77E-08,5.59E-08,2.80E-08
1.24E-06,1.23E-06,1.27E-06,1.24E-06,1.21E-06,1.08E-06,1.22E-06,1.12E-06,1.17E-06,1.27E-06,1.12E-06
1.13E-06,1.14E-06,1.18E-06,1.14E-06,1.11E-06,9.71E-07,1.11E-06,1.03E-06,1.10E-06,1.20E-06,1.04E-06
1.15E-06,1.17E-06,1.19E-06,1.16E-06,1.13E-06,9.90E-07,1.13E-06,1.05E-06,1.12E-06,1.22E-06,1.05E-06
1.11E-06,1.12E-06,1.15E-06,1.11E-06,1.08E-06,9.49E-07,1.08E-06,1.01E-06,1.08E-06,1.18E-06,1.01E-06
2.34E-06,2.37E-06,2.40E-06,2.35E-06,2.31E-06,2.11E-06,2.31E-06,2.20E-06,2.31E-06,2.45E-06,2.20E-06
2.36E-06,2.39E-06,2.63E-06,2.37E-06,2.34E-06,2.09E-06,2.33E-06,2.17E-06,2.57E-06,2.70E-06,2.46E-06
2.25E-06,2.28E-06,2.54E-06,2.26E-06,2.23E-06,1.99E-06,2.21E-06,2.07E-06,2.49E-06,2.62E-06,2.38E-06
2.30E-06,2.33E-06,2.59E-06,2.31E-06,2.28E-06,2.04E-06,2.26E-06,2.13E-06,2.53E-06,2.66E-06,2.42E-06
2.26E-06,2.28E-06,2.55E-06,2.27E-06,2.24E-06,2.00E-06,2.22E-06,2.08E-06,2.49E-06,2.62E-06,2.38E-06
1.20E-07,1.26E-07,1.99E-07,1.23E-07,1.15E-07,6.61E-08,1.12E-07,8.14E-08,1.82E-07,2.17E-07,1.53E-07
1.19E-07,1.30E-07,1.07E-07,1.22E-07,1.10E-07,6.10E-08,1.11E-07,8.40E-08,8.97E-08,1.30E-07,5.52E-08
1.28E-07,1.39E-07,1.15E-07,1.31E-07,1.19E-07,6.89E-08,1.20E-07,9.19E-08,9.72E-08,1.39E-07,6.20E-08
1.24E-07,1.34E-07,1.06E-07,1.27E-07,1.15E-07,6.57E-08,1.16E-07,8.84E-08,8.81E-08,1.27E-07,5.48E-08
1.29E-07,1.39E-07,1.09E-07,1.31E-07,1.19E-07,6.88E-08,1.21E-07,9.23E-08,9.04E-08,1.30E-07,5.70E-08
8.67E-07,8.92E-07,8.14E-07,8.72E-07,8.42E-07,7.01E-07,8.46E-07,7.71E-07,7.63E-07,8.70E-07,6.59E-07
8.74E-07,8.86E-07,8.15E-07,8.83E-07,8.51E-07,7.18E-07,8.51E-07,7.67E-07,7.16E-07,8.24E-07,6.53E-07
8.98E-07,9.11E-07,8.44E-07,9.06E-07,8.76E-07,7.42E-07,8.76E-07,7.95E-07,7.45E-07,8.55E-07,6.81E-07
8.26E-07,8.31E-07,7.79E-07,8.34E-07,8.02E-07,6.75E-07,8.04E-07,7.19E-07,6.73E-07,7.77E-07,6.23E-07
8.53E-07,8.59E-07,8.10E-07,8.60E-07,8.30E-07,7.02E-07,8.32E-07,7.47E-07,7.04E-07,8.09E-07,6.51E-07
3.76E-07,3.79E-07,3.49E-07,3.80E-07,3.60E-07,2.84E-07,3.62E-07,3.06E-07,2.84E-07,3.50E-07,2.49E-07
4.04E-07,3.95E-07,4.19E-07,4.08E-07,3.80E-07,2.97E-07,3.90E-07,3.14E-07,3.34E-07,4.05E-07,3.08E-07
4.02E-07,3.93E-07,4.20E-07,4.08E-07,3.79E-07,2.98E-07,3.89E-07,3.13E-07,3.34E-07,4.05E-07,3.11E-07
3.79E-07,3.70E-07,4.01E-07,3.85E-07,3.55E-07,2.77E-07,3.66E-07,2.91E-07,3.18E-07,3.87E-07,2.93E-07
3.81E-07,3.74E-07,4.02E-07,3.87E-07,3.57E-07,2.79E-07,3.68E-07,2.96E-07,3.23E-07,3.92E-07,2.97E-07
2.15E-06,2.14E-06,2.20E-06,2.17E-06,2.10E-06,1.90E-06,2.12E-06,1.95E-06,2.01E-06,2.18E-06,1.95E-06
2.07E-06,2.07E-06,2.09E-06,2.09E-06,2.02E-06,1.78E-06,2.04E-06,1.84E-06,1.90E-06,2.10E-06,1.80E-06
2.00E-06,2.01E-06,2.03E-06,2.03E-06,1.96E-06,1.72E-06,1.97E-06,1.79E-06,1.85E-06,2.04E-06,1.75E-06
1.91E-06,1.93E-06,1.93E-06,1.93E-06,1.87E-06,1.64E-06,1.88E-06,1.71E-06,1.77E-06,1.96E-06,1.66E-06
1.93E-06,1.96E-06,1.94E-06,1.95E-06,1.89E-06,1.67E-06,1.90E-06,1.75E-06,1.80E-06,1.99E-06,1.68E-06
7.00E-06,7.05E-06,7.03E-06,7.04E-06,6.93E-06,6.49E-06,6.94E-06,6.66E-06,6.76E-06,7.10E-06,6.52E-06
6.89E-06,6.97E-06,6.98E-06,6.91E-06,6.84E-06,6.37E-06,6.84E-06,6.55E-06,6.74E-06,7.10E-06,6.48E-06
6.95E-06,7.02E-06,7.04E-06,6.96E-06,6.90E-06,6.45E-06,6.90E-06,6.63E-06,6.82E-06,7.15E-06,6.54E-06
7.03E-06,7.11E-06,7.13E-06,7.05E-06,6.99E-06,6.54E-06,6.99E-06,6.71E-06,6.90E-06,7.24E-06,6.63E-06
6.97E-06,7.03E-06,7.07E-06,6.98E-06,6.92E-06,6.47E-06,6.92E-06,6.64E-06,6.83E-06,7.17E-06,6.58E-06
6.63E-06,6.47E-06,6.75E-06,6.65E-06,6.59E-06,6.16E-06,6.58E-06,6.19E-06,6.52E-06,6.86E-06,6.11E-06
6.21E-07,5.93E-07,6.59E-07,6.30E-07,6.09E-07,4.78E-07,6.08E-07,5.05E-07,6.01E-07,7.12E-07,4.71E-07
5.79E-07,6.04E-07,5.51E-07,5.90E-07,5.59E-07,4.48E-07,5.69E-07,4.56E-07,4.98E-07,5.94E-07,3.92E-07
6.32E-07,6.63E-07,6.02E-07,6.40E-07,6.09E-07,4.95E-07,6.19E-07,4.96E-07,5.44E-07,6.46E-07,4.49E-07
6.53E-07,6.85E-07,6.23E-07,6.60E-07,6.29E-07,5.14E-07,6.39E-07,5.68E-07,5.66E-07,6.64E-07,4.78E-07
6.41E-07,6.76E-07,6.10E-07,6.48E-07,6.14E-07,5.09E-07,6.27E-07,5.54E-07,5.53E-07,6.50E-07,4.68E-07
1.76E-06,1.82E-06,1.71E-06,1.77E-06,1.72E-06,1.54E-06,1.74E-06,1.62E-06,1.61E-06,1.78E-06,1.48E-06
1.79E-06,1.78E-06,1.67E-06,1.80E-06,1.76E-06,1.58E-06,1.78E-06,1.62E-06,1.48E-06,1.64E-06,1.45E-06
1.80E-06,1.77E-06,1.68E-06,1.81E-06,1.76E-06,1.59E-06,1.78E-06,1.62E-06,1.48E-06,1.65E-06,1.44E-06
1.86E-06,1.82E-06,1.75E-06,1.87E-06,1.82E-06,1.65E-06,1.84E-06,1.67E-06,1.55E-06,1.71E-06,1.51E-06
1.80E-06,1.75E-06,1.69E-06,1.81E-06,1.76E-06,1.59E-06,1.78E-06,1.62E-06,1.49E-06,1.65E-06,1.44E-06
5.40E-06,5.30E-06,5.20E-06,5.41E-06,5.32E-06,5.01E-06,5.37E-06,5.07E-06,4.84E-06,5.13E-06,4.78E-06
5.46E-06,5.21E-06,5.54E-06,5.24E-06,5.27E-06,5.16E-06,5.46E-06,5.16E-06,5.18E-06,5.40E-06,5.23E-06
5.39E-06,5.12E-06,5.48E-06,5.15E-06,5.18E-06,5.08E-06,5.38E-06,5.09E-06,5.13E-06,5.35E-06,5.21E-06
5.35E-06,5.10E-06,5.46E-06,5.12E-06,5.17E-06,5.06E-06,5.35E-06,5.07E-06,5.12E-06,5.35E-06,5.15E-06
4.97E-06,4.74E-06,5.13E-06,4.72E-06,4.76E-06,4.71E-06,4.97E-06,4.74E-06,4.82E-06,5.04E-06,4.86E-06
6.34E-06,6.15E-06,6.48E-06,6.08E-06,6.12E-06,6.05E-06,6.34E-06,6.10E-06,6.18E-06,6.42E-06,6.17E-06
5.28E-06,4.97E-06,5.90E-06,5.00E-06,4.93E-06,5.15E-06,5.28E-06,5.08E-06,5.73E-06,5.80E-06,5.81E-06
5.54E-06,5.28E-06,6.12E-06,5.27E-06,5.20E-06,5.38E-06,5.54E-06,5.29E-06,5.93E-06,6.02E-06,6.00E-06
5.75E-06,5.52E-06,6.30E-06,5.50E-06,5.44E-06,5.57E-06,5.75E-06,5.48E-06,6.09E-06,6.20E-06,6.16E-06
5.89E-06,5.67E-06,6.41E-06,5.65E-06,5.59E-06,5.70E-06,5.89E-06,5.60E-06,6.20E-06,6.31E-06,6.26E-06
1.29E-05,1.26E-05,1.36E-05,1.26E-05,1.25E-05,1.26E-05,1.29E-05,1.25E-05,1.33E-05,1.35E-05,1.34E-05
1.27E-05,1.21E-05,1.42E-05,1.23E-05,1.23E-05,1.25E-05,1.27E-05,1.23E-05,1.42E-05,1.42E-05,1.42E-05
1.28E-05,1.23E-05,1.43E-05,1.25E-05,1.25E-05,1.27E-05,1.29E-05,1.25E-05,1.43E-05,1.44E-05,1.44E-05
1.28E-05,1.23E-05,1.43E-05,1.25E-05,1.25E-05,1.27E-05,1.29E-05,1.25E-05,1.42E-05,1.43E-05,1.43E-05
1.31E-05,1.25E-05,1.45E-05,1.27E-05,1.27E-05,1.29E-05,1.31E-05,1.27E-05,1.44E-05,1.45E-05,1.44E-05
3.70E-08,8.92E-08,1.35E-09,5.96E-08,6.01E-08,4.79E-08,3.59E-08,6.25E-08,7.79E-10,1.25E-09,7.00E-10
1.41E-08,1.10E-08,1.11E-09,2.67E-08,2.79E-08,1.10E-08,1.35E-08,1.91E-08,5.38E-09,3.28E-09,3.99E-09
6.28E-09,4.42E-09,4.07E-09,1.51E-08,1.60E-08,5.06E-09,5.90E-09,1.03E-08,1.02E-08,7.33E-09,7.87E-09
1.84E-09,1.07E-09,9.52E-09,7.28E-09,7.82E-09,1.63E-09,1.67E-09,4.62E-09,1.61E-08,1.31E-08,1.46E-08
2.33E-10,9.49E-11,1.38E-08,3.13E-09,3.76E-09,2.76E-10,1.88E-10,1.89E-09,2.06E-08,1.82E-08,1.84E-08
3.92E-06,3.92E-06,4.43E-06,3.77E-06,3.75E-06,3.90E-06,3.93E-06,3.80E-06,4.54E-06,4.51E-06,4.50E-06
3.90E-06,3.79E-06,4.24E-06,3.77E-06,3.75E-06,3.98E-06,3.91E-06,3.85E-06,4.35E-06,4.26E-06,4.40E-06
3.55E-06,3.46E-06,3.81E-06,3.43E-06,3.40E-06,3.64E-06,3.55E-06,3.52E-06,3.94E-06,3.82E-06,3.97E-06
3.71E-06,3.64E-06,3.95E-06,3.60E-06,3.57E-06,3.80E-06,3.72E-06,3.71E-06,4.13E-06,4.01E-06,4.11E-06
3.84E-06,3.77E-06,4.08E-06,3.72E-06,3.69E-06,3.90E-06,3.84E-06,3.81E-06,4.22E-06,4.13E-06,4.22E-06
7.39E-06,7.28E-06,7.71E-06,7.23E-06,7.19E-06,7.46E-06,7.39E-06,7.34E-06,7.88E-06,7.78E-06,7.89E-06
7.28E-06,6.92E-06,7.92E-06,7.24E-06,7.10E-06,7.37E-06,7.30E-06,7.07E-06,7.87E-06,7.73E-06,8.09E-06
7.45E-06,7.09E-06,8.08E-06,7.41E-06,7.29E-06,7.52E-06,7.47E-06,7.22E-06,8.02E-06,7.89E-06,8.23E-06
7.18E-06,6.80E-06,7.82E-06,7.15E-06,7.00E-06,7.23E-06,7.19E-06,6.94E-06,7.74E-06,7.62E-06,7.95E-06
7.33E-06,6.99E-06,7.95E-06,7.30E-06,7.16E-06,7.38E-06,7.34E-06,7.11E-06,7.90E-06,7.79E-06,8.08E-06
9.62E-06,9.21E-06,1.04E-05,9.59E-06,9.41E-06,9.67E-06,9.63E-06,9.35E-06,1.03E-05,1.02E-05,1.05E-05
9.52E-06,9.19E-06,8.90E-06,9.63E-06,9.36E-06,9.69E-06,9.54E-06,9.41E-06,8.86E-06,8.60E-06,9.21E-06
9.74E-06,9.41E-06,9.17E-06,9.84E-06,9.58E-06,9.89E-06,9.76E-06,9.61E-06,9.11E-06,8.88E-06,9.46E-06
9.10E-06,8.77E-06,8.32E-06,9.20E-06,8.90E-06,9.24E-06,9.12E-06,8.96E-06,8.21E-06,7.98E-06,8.60E-06
9.29E-06,8.96E-06,8.54E-06,9.37E-06,9.08E-06,9.41E-06,9.30E-06,9.13E-06,8.42E-06,8.21E-06,8.79E-06
8.41E-07,7.58E-07,5.84E-07,8.68E-07,7.78E-07,8.82E-07,8.46E-07,8.08E-07,5.72E-07,5.15E-07,6.58E-07
8.68E-07,8.15E-07,7.53E-07,9.41E-07,8.31E-07,9.27E-07,8.76E-07,8.72E-07,7.54E-07,6.81E-07,8.25E-07
9.09E-07,8.57E-07,8.15E-07,9.81E-07,8.74E-07,9.65E-07,9.18E-07,9.11E-07,8.15E-07,7.46E-07,8.82E-07
9.71E-07,9.14E-07,8.90E-07,1.04E-06,9.33E-07,1.02E-06,9.79E-07,9.64E-07,8.84E-07,8.24E-07,9.51E-07
9.90E-07,9.29E-07,9.22E-07,1.05E-06,9.49E-07,1.04E-06,9.98E-07,9.76E-07,9.13E-07,8.57E-07,9.82E-07
2.90E-06,2.79E-06,2.81E-06,3.00E-06,2.83E-06,2.97E-06,2.91E-06,2.86E-06,2.77E-06,2.68E-06,2.90E-06
3.03E-06,2.96E-06,3.37E-06,3.20E-06,3.07E-06,3.10E-06,3.04E-06,3.02E-06,3.42E-06,3.37E-06,3.45E-06
3.05E-06,2.97E-06,3.40E-06,3.20E-06,3.08E-06,3.11E-06,3.05E-06,3.02E-06,3.44E-06,3.39E-06,3.47E-06
3.15E-06,3.06E-06,3.49E-06,3.30E-06,3.18E-06,3.20E-06,3.15E-06,3.11E-06,3.53E-06,3.48E-06,3.56E-06
2.87E-06,2.77E-06,3.28E-06,3.01E-06,2.89E-06,2.91E-06,2.87E-06,2.82E-06,3.31E-06,3.26E-06,3.34E-06
1.40E-09,4.50E-09,5.84E-09,8.59E-14,9.87E-10,7.58E-10,1.38E-09,2.87E-09,6.92E-09,5.14E-09,8.51E-09
3.05E-09,2.96E-09,1.14E-08,8.23E-09,3.89E-09,2.89E-09,3.21E-09,2.66E-09,2.00E-08,1.88E-08,1.38E-08
6.49E-09,5.79E-09,1.73E-08,1.32E-08,7.39E-09,6.08E-09,6.63E-09,5.55E-09,2.60E-08,2.49E-08,1.98E-08
5.73E-09,5.11E-09,1.53E-08,1.19E-08,6.31E-09,5.15E-09,5.92E-09,4.74E-09,2.33E-08,2.24E-08,1.75E-08
9.68E-09,8.87E-09,2.12E-08,1.71E-08,1.05E-08,9.08E-09,9.93E-09,8.36E-09,2.98E-08,2.90E-08,2.35E-08
3.60E-06,3.59E-06,3.79E-06,3.72E-06,3.61E-06,3.58E-06,3.61E-06,3.57E-06,3.87E-06,3.87E-06,3.81E-06
3.42E-06,3.40E-06,3.59E-06,3.53E-06,3.40E-06,3.35E-06,3.41E-06,3.34E-06,3.62E-06,3.66E-06,3.54E-06
3.48E-06,3.45E-06,3.65E-06,3.59E-06,3.46E-06,3.41E-06,3.47E-06,3.40E-06,3.67E-06,3.71E-06,3.60E-06
3.46E-06,3.42E-06,3.62E-06,3.56E-06,3.43E-06,3.38E-06,3.45E-06,3.37E-06,3.64E-06,3.68E-06,3.57E-06
3.45E-06,3.42E-06,3.62E-06,3.55E-06,3.42E-06,3.38E-06,3.45E-06,3.36E-06,3.63E-06,3.67E-06,3.56E-06
4.66E-06,4.87E-06,5.17E-06,4.99E-06,4.76E-06,4.80E-06,4.72E-06,5.10E-06,4.84E-06,4.92E-06,4.79E-06
4.75E-06,5.18E-06,5.51E-06,5.30E-06,4.84E-06,4.88E-06,4.91E-06,5.34E-06,4.97E-06,5.03E-06,4.84E-06
4.78E-06,5.17E-06,5.51E-06,5.31E-06,4.87E-06,4.90E-06,4.94E-06,5.34E-06,4.97E-06,5.02E-06,4.85E-06
4.76E-06,5.08E-06,5.49E-06,5.21E-06,4.83E-06,4.88E-06,4.90E-06,5.25E-06,4.92E-06,4.98E-06,4.83E-06
4.37E-06,4.49E-06,5.01E-06,4.73E-06,4.38E-06,4.46E-06,4.48E-06,4.66E-06,4.63E-06,4.66E-06,4.51E-06
4.53E-06,4.75E-06,5.23E-06,4.93E-06,4.58E-06,4.64E-06,4.65E-06,4.91E-06,4.74E-06,4.76E-06,4.60E-06
1.34E-06,1.45E-06,1.72E-06,1.57E-06,1.36E-06,1.40E-06,1.41E-06,1.54E-06,1.47E-06,1.48E-06,1.39E-06
1.18E-06,1.19E-06,1.29E-06,1.26E-06,1.19E-06,1.24E-06,1.29E-06,1.25E-06,1.15E-06,1.16E-06,1.05E-06
1.28E-06,1.34E-06,1.46E-06,1.39E-06,1.32E-06,1.35E-06,1.40E-06,1.40E-06,1.21E-06,1.24E-06,1.13E-06
1.35E-06,1.44E-06,1.54E-06,1.43E-06,1.40E-06,1.42E-06,1.46E-06,1.50E-06,1.27E-06,1.30E-06,1.19E-06
1.35E-06,1.32E-06,1.35E-06,1.35E-06,1.28E-06,1.36E-06,1.41E-06,1.40E-06,1.35E-06,1.38E-06,1.31E-06
3.16E-06,3.13E-06,3.16E-06,3.16E-06,3.06E-06,3.18E-06,3.25E-06,3.22E-06,3.16E-06,3.24E-06,3.11E-06
3.13E-06,3.12E-06,3.28E-06,3.09E-06,3.06E-06,3.24E-06,3.19E-06,3.30E-06,3.16E-06,3.30E-06,2.98E-06
3.23E-06,3.21E-06,3.36E-06,3.18E-06,3.15E-06,3.33E-06,3.28E-06,3.38E-06,3.26E-06,3.40E-06,3.09E-06
3.29E-06,3.27E-06,3.42E-06,3.24E-06,3.22E-06,3.39E-06,3.35E-06,3.43E-06,3.34E-06,3.46E-06,3.15E-06
3.03E-06,3.04E-06,3.19E-06,2.99E-06,2.96E-06,3.14E-06,3.09E-06,3.20E-06,3.11E-06,3.24E-06,2.91E-06
3.76E-07,3.82E-07,4.27E-07,3.66E-07,3.55E-07,4.11E-07,3.94E-07,4.37E-07,4.11E-07,4.55E-07,3.37E-07
4.53E-07,4.27E-07,5.22E-07,4.03E-07,4.25E-07,5.16E-07,5.00E-07,5.16E-07,4.29E-07,5.17E-07,3.34E-07
4.75E-07,4.49E-07,5.47E-07,4.27E-07,4.47E-07,5.50E-07,5.21E-07,5.60E-07,4.53E-07,5.40E-07,3.60E-07
5.04E-07,4.76E-07,5.78E-07,4.58E-07,4.79E-07,6.03E-07,5.50E-07,6.16E-07,4.83E-07,5.69E-07,3.93E-07
4.52E-07,4.26E-07,5.25E-07,4.07E-07,4.22E-07,5.32E-07,4.98E-07,5.53E-07,4.33E-07,5.16E-07,3.47E-07
6.87E-06,6.79E-06,7.14E-06,6.71E-06,6.77E-06,7.17E-06,7.04E-06,7.25E-06,6.82E-06,7.13E-06,6.48E-06
6.55E-06,6.51E-06,6.94E-06,6.40E-06,6.65E-06,6.60E-06,6.64E-06,6.62E-06,6.64E-06,7.02E-06,6.16E-06
6.56E-06,6.55E-06,6.95E-06,6.43E-06,6.67E-06,6.61E-06,6.66E-06,6.64E-06,6.65E-06,7.05E-06,6.19E-06
6.62E-06,6.60E-06,7.00E-06,6.49E-06,6.73E-06,6.67E-06,6.71E-06,6.70E-06,6.76E-06,7.10E-06,6.28E-06
6.26E-06,6.25E-06,6.65E-06,6.14E-06,6.39E-06,6.27E-06,6.33E-06,6.30E-06,6.41E-06,6.75E-06,5.96E-06
3.74E-07,3.69E-07,4.71E-07,3.46E-07,4.03E-07,3.78E-07,3.91E-07,3.80E-07,4.08E-07,4.94E-07,3.04E-07
4.02E-07,3.86E-07,4.51E-07,3.29E-07,4.22E-07,4.03E-07,4.10E-07,3.86E-07,3.58E-07,4.59E-07,2.49E-07
4.38E-07,4.21E-07,4.88E-07,3.65E-07,4.58E-07,4.39E-07,4.47E-07,4.23E-07,3.95E-07,4.98E-07,2.84E-07
4.23E-07,4.07E-07,4.70E-07,3.52E-07,4.41E-07,4.25E-07,4.32E-07,4.10E-07,3.81E-07,4.81E-07,2.73E-07
4.58E-07,4.43E-07,5.06E-07,3.87E-07,4.75E-07,4.60E-07,4.68E-07,4.46E-07,4.19E-07,5.21E-07,3.09E-07
1.93E-06,1.89E-06,2.02E-06,1.79E-06,1.96E-06,1.93E-06,1.95E-06,1.90E-06,1.85E-06,2.05E-06,1.62E-06
1.71E-06,1.66E-06,1.94E-06,1.62E-06,1.72E-06,1.71E-06,1.71E-06,1.66E-06,1.75E-06,1.94E-06,1.54E-06
1.65E-06,1.59E-06,1.88E-06,1.57E-06,1.65E-06,1.65E-06,1.65E-06,1.60E-06,1.70E-06,1.88E-06,1.50E-06
1.68E-06,1.62E-06,1.91E-06,1.60E-06,1.68E-06,1.69E-06,1.68E-06,1.63E-06,1.73E-06,1.91E-06,1.54E-06
1.75E-06,1.69E-06,1.98E-06,1.67E-06,1.75E-06,1.76E-06,1.76E-06,1.70E-06,1.80E-06,1.98E-06,1.61E-06
1.85E-06,1.78E-06,2.07E-06,1.76E-06,1.85E-06,1.85E-06,1.85E-06,1.79E-06,1.88E-06,2.07E-06,1.69E-06
1.70E-06,1.65E-06,1.70E-06,1.66E-06,1.67E-06,1.70E-06,1.72E-06,1.66E-06,1.48E-06,1.69E-06,1.29E-06
1.76E-06,1.72E-06,1.75E-06,1.71E-06,1.73E-06,1.76E-06,1.78E-06,1.72E-06,1.55E-06,1.76E-06,1.35E-06
1.83E-06,1.78E-06,1.83E-06,1.78E-06,1.80E-06,1.83E-06,1.85E-06,1.79E-06,1.63E-06,1.84E-06,1.43E-06
1.85E-06,1.80E-06,1.85E-06,1.80E-06,1.82E-06,1.85E-06,1.87E-06,1.81E-06,1.65E-06,1.85E-06,1.46E-06
9.22E-05,9.18E-05,9.23E-05,9.19E-05,9.21E-05,9.23E-05,9.24E-05,9.19E-05,9.08E-05,9.23E-05,8.95E-05
8.63E-05,8.62E-05,8.98E-05,8.58E-05,8.59E-05,8.63E-05,8.63E-05,8.64E-05,8.88E-05,9.02E-05,8.73E-05
8.20E-05,8.21E-05,8.67E-05,8.14E-05,8.16E-05,8.21E-05,8.19E-05,8.23E-05,8.55E-05,8.71E-05,8.42E-05
8.16E-05,8.18E-05,8.66E-05,8.10E-05,8.13E-05,8.18E-05,8.15E-05,8.19E-05,8.55E-05,8.69E-05,8.41E-05
8.25E-05,8.27E-05,8.72E-05,8.19E-05,8.22E-05,8.27E-05,8.25E-05,8.28E-05,8.61E-05,8.76E-05,8.47E-05
1.81E-06,1.81E-06,2.53E-06,1.71E-06,1.77E-06,1.82E-06,1.80E-06,1.83E-06,2.36E-06,2.62E-06,2.12E-06
1.67E-06,1.60E-06,2.47E-06,1.58E-06,1.65E-06,1.71E-06,1.76E-06,1.66E-06,2.33E-06,2.55E-06,2.10E-06
1.86E-06,1.78E-06,2.62E-06,1.75E-06,1.83E-06,1.88E-06,1.94E-06,1.83E-06,2.47E-06,2.70E-06,2.23E-06
2.05E-06,1.97E-06,2.77E-06,1.92E-06,2.01E-06,2.06E-06,2.13E-06,2.00E-06,2.62E-06,2.86E-06,2.37E-06
2.16E-06,2.09E-06,2.86E-06,2.04E-06,2.13E-06,2.18E-06,2.25E-06,2.12E-06,2.70E-06,2.96E-06,2.46E-06
9.30E-06,9.17E-06,1.06E-05,9.04E-06,9.24E-06,9.33E-06,9.47E-06,9.21E-06,1.03E-05,1.08E-05,9.81E-06
8.20E-06,8.18E-06,1.11E-05,8.15E-06,8.20E-06,8.26E-06,8.35E-06,8.28E-06,1.15E-05,1.16E-05,1.10E-05
8.77E-06,8.81E-06,1.15E-05,8.69E-06,8.77E-06,8.80E-06,8.90E-06,8.86E-06,1.18E-05,1.20E-05,1.13E-05
9.12E-06,9.15E-06,1.17E-05,9.03E-06,9.13E-06,9.16E-06,9.26E-06,9.21E-06,1.20E-05,1.21E-05,1.15E-05
9.34E-06,9.34E-06,1.18E-05,9.24E-06,9.33E-06,9.37E-06,9.46E-06,9.39E-06,1.20E-05,1.22E-05,1.16E-05
1.39E-05,1.38E-05,1.67E-05,1.37E-05,1.39E-05,1.39E-05,1.40E-05,1.39E-05,1.69E-05,1.71E-05,1.64E-05
1.26E-05,1.30E-05,1.41E-05,1.28E-05,1.27E-05,1.27E-05,1.27E-05,1.31E-05,1.53E-05,1.52E-05,1.45E-05
1.30E-05,1.34E-05,1.43E-05,1.31E-05,1.30E-05,1.30E-05,1.31E-05,1.35E-05,1.55E-05,1.54E-05,1.47E-05
1.32E-05,1.36E-05,1.45E-05,1.33E-05,1.32E-05,1.32E-05,1.33E-05,1.37E-05,1.56E-05,1.56E-05,1.48E-05
1.36E-05,1.39E-05,1.49E-05,1.37E-05,1.36E-05,1.36E-05,1.37E-05,1.40E-05,1.59E-05,1.59E-05,1.51E-05
7.63E-05,7.71E-05,7.86E-05,7.65E-05,7.63E-05,7.64E-05,7.65E-05,7.73E-05,8.11E-05,8.09E-05,7.94E-05
7.30E-05,7.21E-05,7.15E-05,7.16E-05,7.28E-05,7.30E-05,7.30E-05,7.22E-05,7.21E-05,7.14E-05,7.25E-05
7.39E-05,7.33E-05,7.24E-05,7.26E-05,7.38E-05,7.39E-05,7.39E-05,7.33E-05,7.27E-05,7.24E-05,7.32E-05
7.50E-05,7.44E-05,7.38E-05,7.37E-05,7.49E-05,7.50E-05,7.50E-05,7.44E-05,7.39E-05,7.38E-05,7.43E-05
7.58E-05,7.51E-05,7.48E-05,7.45E-05,7.57E-05,7.58E-05,7.58E-05,7.51E-05,7.48E-05,7.48E-05,7.51E-05
